Length,Quicksort,Mergesort,Bitsort,Speedup_q,Speedup_m
1024,0.046148,0.061557,0.055076,0.035108,1.117674
1024,0.045587,0.066206,0.095804,0.475836,0.691057
1024,0.046088,0.061377,0.066457,0.693501,0.923560
1024,0.044946,0.061607,0.060326,0.745052,1.021235
1024,0.045256,0.062109,0.071196,0.635654,0.872366
1024,0.043834,0.062499,0.057150,0.766999,1.093596
1024,0.045597,0.063752,0.057239,0.796607,1.113786
1024,0.043954,0.060977,0.057730,0.761372,1.056245
1024,0.042802,0.061187,0.056679,0.755165,1.079536
1024,0.041900,0.060766,0.055837,0.750398,1.088275
1024,0.043213,0.061117,0.068972,0.626530,0.886113
1024,0.043614,0.060976,0.057039,0.764635,1.069023
1024,0.044234,0.060626,0.058412,0.757276,1.037903
1024,0.043022,0.060415,0.057009,0.754653,1.059745
1024,0.040607,0.060807,0.056247,0.721941,1.081071
1024,0.041609,0.060887,0.057179,0.727697,1.064849
2048,0.089361,0.133346,0.086365,1.034690,1.543982
2048,0.090924,0.136572,0.085814,1.059547,1.591489
2048,0.086135,0.132633,0.076487,1.126139,1.734059
2048,0.088429,0.133064,0.081116,1.090155,1.640416
2048,0.087157,0.133556,0.074542,1.169233,1.791688
2048,0.087958,0.132865,0.074472,1.181088,1.784093
2048,0.090583,0.134167,0.074162,1.221421,1.809107
2048,0.092847,0.132603,0.074563,1.245215,1.778402
2048,0.089972,0.133255,0.074623,1.205687,1.785710
2048,0.089070,0.132564,0.073410,1.213322,1.805803
2048,0.089361,0.131882,0.083399,1.071488,1.581338
2048,0.092467,0.132664,0.074162,1.246825,1.788841
2048,0.089882,0.132413,0.081636,1.101009,1.621993
2048,0.092507,0.132985,0.074032,1.249554,1.796318
2048,0.090433,0.132714,0.081716,1.106674,1.624088
2048,0.092367,0.133074,0.074082,1.246821,1.796307
4096,0.196837,0.305645,0.098629,1.995731,3.098936
4096,0.193490,0.290025,0.096574,2.003541,3.003137
4096,0.185835,0.287861,0.103218,1.800413,2.788864
4096,0.200303,0.286609,0.103287,1.939286,2.774880
4096,0.191787,0.288282,0.105672,1.814927,2.728083
4096,0.188351,0.288512,0.102606,1.835672,2.811843
4096,0.192368,0.299743,0.094862,2.027872,3.159779
4096,0.194842,0.285806,0.094831,2.054623,3.013846
4096,0.189673,0.287660,0.094772,2.001361,3.035285
4096,0.188661,0.291568,0.095592,1.973607,3.050130
4096,0.195414,0.284765,0.102426,1.907855,2.780202
4096,0.197268,0.287550,0.102466,1.925204,2.806297
4096,0.189903,0.290637,0.103187,1.840377,2.816605
4096,0.187118,0.288181,0.101815,1.837824,2.830438
4096,0.197007,0.285967,0.095012,2.073496,3.009799
4096,0.191126,0.287640,0.096004,1.990813,2.996125
8192,0.398823,0.648361,0.129418,3.081666,5.009821
8192,0.387923,0.615577,0.127234,3.048894,4.838149
8192,0.399264,0.615498,0.128696,3.102381,4.782573
8192,0.397861,0.613975,0.130550,3.047576,4.702987
8192,0.391609,0.614766,0.128877,3.038626,4.770176
8192,0.395687,0.619735,0.127745,3.097475,4.851344
8192,0.387411,0.616099,0.129688,2.987254,4.750625
8192,0.390236,0.615348,0.129968,3.002554,4.734612
8192,0.379165,0.615928,0.130280,2.910385,4.727725
8192,0.385077,0.631809,0.131592,2.926295,4.801272
8192,0.389586,0.622280,0.128576,3.030006,4.839783
8192,0.395436,0.616189,0.128246,3.083418,4.804742
8192,0.382201,0.617852,0.130119,2.937319,4.748361
8192,0.389736,0.630086,0.128205,3.039944,4.914676
8192,0.386118,0.616790,0.127835,3.020440,4.824891
8192,0.391890,0.615407,0.129628,3.023189,4.747485
16384,0.802014,1.316087,0.167430,4.790145,7.860521
16384,0.807145,1.298895,0.165977,4.862993,7.825753
16384,0.815099,1.299065,0.161859,5.035858,8.025905
16384,0.847171,1.290028,0.159044,5.326645,8.111139
16384,0.820109,1.288405,0.160677,5.104085,8.018603
16384,0.794700,1.316769,0.161479,4.921383,8.154429
16384,0.817544,1.291090,0.161980,5.047191,7.970675
16384,0.790943,1.310998,0.160257,4.935466,8.180597
16384,0.841891,1.333641,0.162181,5.191058,8.223164
16384,0.803718,1.293394,0.160658,5.002664,8.050604
16384,0.816783,1.333401,0.162561,5.024471,8.202466
16384,0.793168,1.308673,0.160326,4.947220,8.162575
16384,0.838134,1.332629,0.164134,5.106401,8.119153
16384,0.840217,1.309686,0.161279,5.209711,8.120623
16384,0.817294,1.295438,0.170466,4.794469,7.599392
16384,0.807675,1.310959,0.163292,4.946201,8.028311
32768,1.680435,2.722709,0.217436,7.728412,12.521887
32768,1.645839,2.699454,0.213489,7.709245,12.644464
32768,1.643384,2.686771,0.202848,8.101554,13.245243
32768,1.651990,2.681130,0.204231,8.088831,13.127929
32768,1.657992,2.695266,0.212897,7.787766,12.659953
32768,1.690575,2.687862,0.202999,8.327997,13.240765
32768,1.633656,2.689165,0.203369,8.032965,13.223082
32768,1.695694,2.681029,0.202157,8.388005,13.262113
32768,1.655056,2.680699,0.210493,7.862760,12.735336
32768,1.859287,2.709073,0.205604,9.043049,13.176169
32768,1.659315,2.685518,0.201816,8.221920,13.306765
32768,1.704952,2.721347,0.205623,8.291641,13.234643
32768,1.690624,2.686871,0.204882,8.251696,13.114237
32768,1.686046,2.707159,0.215212,7.834349,12.579034
32768,1.671739,2.698152,0.204151,8.188738,13.216453
32768,1.639577,2.683734,0.204822,8.004887,13.102762
65536,3.556735,5.718090,0.318549,11.165425,17.950425
65536,3.629945,5.583703,0.294564,12.323111,18.955823
65536,3.600959,5.650360,0.288071,12.500248,19.614470
65536,3.623803,5.611596,0.287220,12.616820,19.537623
65536,3.466522,5.509712,0.285316,12.149764,19.310911
65536,3.331884,5.138030,0.283903,11.735994,18.097836
65536,3.185965,4.875638,0.282942,11.260135,17.231934
65536,2.998006,4.613015,0.279415,10.729581,16.509547
65536,2.836648,4.453540,0.273053,10.388635,16.310167
65536,2.787773,4.338591,0.284504,9.798713,15.249666
65536,2.772755,4.317130,0.283732,9.772444,15.215520
65536,2.755241,4.349060,0.274616,10.033068,15.836878
65536,2.799807,4.337739,0.274635,10.194647,15.794560
65536,2.772935,4.398946,0.274636,10.096764,16.017368
65536,2.770270,4.304385,0.279996,9.893963,15.373023
65536,2.777544,4.414385,0.277931,9.993646,15.883025
131072,6.408591,9.060946,0.436084,14.695772,20.777983
131072,6.534522,9.084772,0.448147,14.581202,20.271857
131072,6.509985,9.028263,0.445703,14.606105,20.256231
131072,6.459989,9.119147,0.440683,14.659038,20.693213
131072,6.695029,9.086955,0.432468,15.480981,21.011855
131072,6.578476,9.136811,0.434231,15.149715,21.041360
131072,6.578667,9.015459,0.447546,14.699421,20.144206
131072,6.533850,9.130538,0.438650,14.895361,20.815087
131072,6.564510,8.957517,0.540835,12.137731,16.562384
131072,6.511097,8.832228,0.508393,12.807212,17.372836
131072,6.431415,8.846275,0.448387,14.343447,19.729107
131072,6.529392,8.835475,0.436976,14.942221,20.219589
131072,6.533661,8.840594,0.438950,14.884750,20.140321
131072,6.428148,8.828140,0.433779,14.818947,20.351700
131072,6.529352,8.842198,0.431205,15.142106,20.505787
131072,6.579508,8.831427,0.435964,15.091861,20.257239
262144,17.210919,18.253783,0.707814,24.315596,25.788954
262144,17.294999,18.169873,0.707363,24.449963,25.686773
262144,17.342580,18.251279,0.697675,24.857677,26.160145
262144,17.253770,18.376238,0.756627,22.803535,24.287050
262144,17.057505,18.273150,0.757500,22.518158,24.122970
262144,17.480925,18.559348,0.784982,22.269205,23.643024
262144,17.201962,18.778567,0.934248,18.412629,20.100195
262144,17.422303,18.635073,0.780663,22.317316,23.870829
262144,17.296683,18.593614,0.745917,23.188482,24.927189
262144,17.479673,18.614634,0.811562,21.538309,22.936798
262144,17.405040,18.699736,0.832533,20.906126,22.461255
262144,17.407094,18.857198,0.785763,22.153110,23.998582
262144,17.121597,18.877076,0.781865,21.898406,24.143651
262144,17.414919,18.927723,0.830238,20.975815,22.797948
262144,17.501885,18.820889,0.781775,22.387369,24.074560
262144,17.399358,18.899349,0.765154,22.739681,24.700059
524288,49.454858,38.258968,1.262015,39.187219,30.315779
524288,51.107590,38.612916,1.288625,39.660561,29.964432
524288,49.363483,37.914108,1.279769,38.572182,29.625743
524288,48.854619,37.244077,1.243599,39.284865,29.948622
524288,49.120098,37.439981,1.456877,33.716023,25.698793
524288,49.792644,37.460781,1.230705,40.458635,30.438473
524288,49.244806,37.498944,1.237778,39.784845,30.295371
524288,49.749001,37.473775,1.299366,38.287135,28.840046
524288,50.045488,37.593714,1.320556,37.897286,28.468095
524288,50.145219,37.665572,1.301951,38.515443,28.930100
524288,49.323657,37.636216,1.307692,37.718100,28.780643
524288,49.269935,37.840787,1.306971,37.697803,28.953043
524288,49.909558,38.138407,1.326768,37.617397,28.745347
524288,49.652808,37.702082,1.323543,37.515070,28.485725
524288,49.861405,38.501934,1.324103,37.656742,29.077748
524288,49.687292,38.443190,1.332259,37.295520,28.855643
1048576,158.437977,78.623854,2.285282,69.329727,34.404443
1048576,157.980992,76.621544,2.282577,69.211681,33.568000
1048576,158.613873,79.178315,2.273711,69.759909,34.823386
1048576,158.709457,78.889082,2.274923,69.764760,34.677693
1048576,155.869243,76.514659,2.256668,69.070525,33.906033
1048576,157.308074,76.524288,2.253692,69.800165,33.955078
1048576,158.702152,78.933527,2.211762,71.753720,35.688074
1048576,159.482295,79.092531,2.265915,70.383176,34.905339
1048576,157.283488,79.103763,2.243091,70.119085,35.265517
1048576,156.639306,78.916314,2.229165,70.268152,35.401737
1048576,156.135491,79.250163,2.216681,70.436608,35.751722
1048576,156.841402,79.802961,2.264072,69.274035,35.247537
1048576,156.978865,79.143439,2.233824,70.273605,35.429577
1048576,156.992911,78.955159,2.206702,71.143685,35.779711
1048576,156.904682,76.453633,2.244154,69.917074,34.067908
1048576,155.916822,76.464823,2.235067,69.759350,34.211423
2097152,542.827357,156.632422,4.245412,127.862115,36.894516
2097152,540.572913,156.175557,4.240073,127.491417,36.833224
2097152,540.094667,161.902965,4.237297,127.462075,38.209020
2097152,542.622613,155.979943,4.218761,128.621321,36.972927
2097152,542.888753,156.789091,4.216487,128.753807,37.184768
2097152,542.179004,156.019118,4.215525,128.614824,37.010602
2097152,540.759207,161.378391,4.245172,127.382167,38.014571
2097152,542.711111,159.133867,4.216868,128.700047,37.737455
2097152,543.178755,159.400938,4.223200,128.617815,37.744113
2097152,543.877161,161.643207,4.212299,129.116466,38.374106
2097152,542.989562,161.474034,4.217509,128.746509,38.286589
2097152,543.002968,156.566665,4.282303,126.801622,36.561323
2097152,543.499427,156.752189,4.262905,127.495083,36.771213
2097152,542.196273,156.190364,4.221868,128.425681,36.995558
2097152,543.312849,156.446094,4.216778,128.845495,37.100861
2097152,540.837363,156.313881,4.218471,128.206965,37.054630
4194304,1994.594775,319.851350,8.434517,236.480023,37.921715
4194304,2000.202298,319.993020,8.434186,237.154160,37.940000
4194304,1993.707648,319.901044,8.440429,236.209279,37.901041
4194304,2000.561706,330.864658,8.421441,237.555747,39.288366
4194304,1999.946885,332.073551,8.446099,236.789420,39.316796
4194304,2011.558486,331.648176,8.428145,238.671557,39.350080
4194304,2001.250179,324.714129,8.448143,236.886400,38.436154
4194304,2007.455445,319.732266,8.454114,237.453084,37.819725
4194304,2003.803544,320.280415,8.436200,237.524424,37.965010
4194304,1996.371380,319.799063,8.624901,231.466005,37.078578
4194304,2001.020851,319.935173,8.416012,237.763545,38.015057
4194304,2008.450170,322.194454,8.453453,237.589322,38.113946
4194304,2002.279990,320.322413,8.450567,236.940313,37.905434
4194304,2000.710824,320.288336,8.430849,237.308345,37.990045
4194304,2002.390192,321.645512,8.441259,237.214637,38.103974
4194304,2006.721764,320.493878,8.434436,237.920089,37.998258
8388608,7676.263225,652.874472,46.986633,163.371213,13.894898
8388608,7655.827655,653.954092,46.934362,163.117753,13.933376
8388608,7663.296143,653.249739,46.940163,163.256701,13.916648
8388608,7655.342565,653.637536,49.031995,156.129535,13.330837
8388608,7667.378091,654.194867,46.891780,163.512200,13.951163
8388608,7668.435747,677.821954,46.925464,163.417366,14.444651
8388608,7679.598534,678.806963,46.940041,163.604427,14.461150
8388608,7664.467590,677.090275,46.959959,163.212825,14.418460
8388608,7674.389936,676.815303,46.968746,163.393545,14.409908
8388608,7658.819805,654.910984,46.904242,163.286293,13.962724
8388608,7657.587763,669.274847,46.949739,163.101818,14.255135
8388608,7674.084400,669.712912,47.937218,160.086144,13.970625
8388608,7685.902556,677.831709,46.953375,163.692228,14.436272
8388608,7671.341730,677.346146,46.887058,163.613203,14.446335
8388608,7682.155727,669.852776,46.968844,163.558544,14.261641
8388608,7662.200431,669.540283,46.855667,163.527721,14.289420
16777216,29986.122335,1367.136268,117.619639,254.941459,11.623367
16777216,30014.011975,1383.679315,118.172734,253.984240,11.708956
16777216,30015.432591,1382.243170,118.914972,252.410879,11.623794
16777216,29996.996286,1382.129836,119.225474,251.598885,11.592572
16777216,29998.939206,1364.560041,117.939812,254.358038,11.569970
16777216,29982.896922,1352.850519,118.235136,253.587030,11.442035
16777216,29997.837586,1334.716676,118.376340,253.410754,11.275198
16777216,30008.151072,1380.810906,116.942998,256.604941,11.807555
16777216,29977.363131,1362.742918,118.587300,252.787298,11.491474
16777216,29973.783251,1380.578292,118.141325,253.711250,11.685820
16777216,30015.271273,1380.147846,117.776448,254.849520,11.718369
16777216,29991.594957,1381.396267,119.063771,251.895221,11.602155
16777216,29983.870137,1365.743823,117.643544,254.870511,11.609169
16777216,29974.579655,1334.946541,119.492123,250.849838,11.171837
16777216,30003.923632,1334.585377,118.782432,252.595633,11.235545
16777216,29985.576267,1333.250330,117.485967,255.226875,11.348167
33554432,118900.753789,2816.007084,237.668667,500.279466,11.848457
33554432,118898.347664,2716.876439,237.724287,500.152295,11.428687
33554432,118841.180912,2717.408607,239.609803,495.977958,11.340974
33554432,118802.222551,2715.477924,238.116818,498.924114,11.403974
33554432,118840.553852,2807.974996,237.473385,500.437360,11.824378
33554432,118834.422260,2778.082639,237.778338,499.769757,11.683498
33554432,118879.392299,2814.279985,236.878704,501.857661,11.880680
33554432,118760.227507,2815.574341,237.521679,499.997423,11.853968
33554432,118814.402657,2815.380912,238.120154,498.968276,11.823363
33554432,118819.768995,2793.678908,238.215300,498.791509,11.727538
33554432,118715.234452,2777.657326,238.395823,497.975312,11.651451
33554432,118797.572354,2810.020575,237.794052,499.581766,11.817035
33554432,118851.465882,2786.520539,237.599572,500.217508,11.727801
33554432,118841.866937,2793.474824,236.111038,503.330416,11.831191
33554432,118823.398626,2715.728770,238.766862,497.654480,11.373977
33554432,118854.190965,2766.850879,237.396966,500.655897,11.654955
67108864,472862.721586,5694.999434,493.085666,958.986955,11.549716
67108864,472874.161733,5538.114583,493.121644,958.940187,11.230727
67108864,472770.139404,5723.362662,493.275714,958.429791,11.602766
67108864,472600.535654,5529.967646,493.661314,957.337596,11.201947
67108864,472746.305485,5526.066770,493.833446,957.299084,11.190143
67108864,472666.445294,5725.544971,491.579989,961.524993,11.647230
67108864,472860.761026,5552.252789,491.324969,962.419561,11.300571
67108864,472722.026139,5536.729935,492.713654,959.425464,11.237216
67108864,472799.313128,5727.212145,489.896345,965.100716,11.690661
67108864,472716.270255,5542.163442,491.074390,962.616418,11.285792
67108864,472521.137558,5731.642255,492.443391,959.544074,11.639190
67108864,472705.736782,5730.878114,491.038618,962.665093,11.670932
67108864,472735.510779,5730.572372,491.248386,962.314634,11.665326
67108864,472573.216811,5722.340335,491.820189,960.865835,11.635025
67108864,472689.159098,5708.420513,491.953377,960.841375,11.603580
67108864,472663.827492,5654.615378,491.854163,960.983688,11.496528
134217728,,11266.339189,1022.162109,,11.022067
134217728,,11273.805175,1022.318488,,11.027684
134217728,,11268.396717,1022.127222,,11.024456
134217728,,11266.828747,1021.962059,,11.024704
134217728,,11271.377794,1022.045563,,11.028254
134217728,,11671.861005,1022.327259,,11.416952
134217728,,11674.470630,1022.037021,,11.422747
134217728,,11357.287402,1021.971675,,11.113114
134217728,,11273.493545,1022.050246,,11.030273
134217728,,11267.885910,1022.009938,,11.025221
134217728,,11280.961211,1022.042569,,11.037663
134217728,,11273.962325,1022.135142,,11.029816
134217728,,11268.604452,1022.263865,,11.023186
134217728,,11327.293219,1022.132452,,11.082021
134217728,,11276.233371,1022.076454,,11.032671
134217728,,11272.035828,1022.134272,,11.027940
268435456,,23484.075173,2201.625846,,10.666697
268435456,,23499.178675,2199.715217,,10.682828
268435456,,23218.118904,2200.292105,,10.552289
268435456,,23403.853423,2202.030714,,10.628305
268435456,,23518.021537,2210.841926,,10.637586
268435456,,23504.176577,2201.380919,,10.677015
268435456,,23262.585196,2200.118944,,10.573331
268435456,,23058.151011,2202.741730,,10.467932
268435456,,23461.182428,2200.005183,,10.664149
268435456,,23486.558633,2202.142045,,10.665324
268435456,,22935.435545,2201.147659,,10.419762
268435456,,23582.172712,2202.167065,,10.708621
268435456,,23318.823385,2202.208130,,10.588837
268435456,,23475.985418,2201.808610,,10.662137
268435456,,23557.120568,2201.827552,,10.698894
268435456,,23568.925721,2200.899523,,10.708770
536870912,,47022.320388,4681.999428,,10.043214
536870912,,47445.220094,4681.192264,,10.135286
536870912,,47364.991767,4680.760015,,10.119081
536870912,,47479.435278,4682.287928,,10.140221
536870912,,47370.777102,4682.801572,,10.115905
536870912,,47661.605606,4680.461845,,10.183099
536870912,,47690.858797,4681.806900,,10.186422
536870912,,47731.907262,4682.015276,,10.194735
536870912,,48279.343234,4679.944053,,10.316222
536870912,,47449.178132,4675.478833,,10.148517
536870912,,47717.661681,4678.282091,,10.199826
536870912,,47705.815640,4681.781826,,10.189671
536870912,,47188.364389,4682.903449,,10.076732
536870912,,48251.384587,4674.809397,,10.321573
536870912,,47972.506639,4674.997645,,10.261504
536870912,,47960.896944,4674.965473,,10.259091
1073741824,,98252.646885,9938.379346,,9.886184
1073741824,,96338.328255,9937.799822,,9.694130
1073741824,,98040.055237,9939.181558,,9.863997
1073741824,,97166.936833,9937.589835,,9.777717
1073741824,,94965.705421,9935.034550,,9.558669
1073741824,,98118.040892,9937.248397,,9.873764
1073741824,,98064.543519,9939.431484,,9.866213
1073741824,,98088.824083,9937.631587,,9.870443
1073741824,,95145.920986,9938.473452,,9.573495
1073741824,,95134.421696,9935.941523,,9.574777
1073741824,,96411.497523,9936.562211,,9.702702
1073741824,,98069.214880,9937.854866,,9.868248
1073741824,,97500.097481,9938.174349,,9.810665
1073741824,,96893.824846,9938.885603,,9.748963
1073741824,,95985.695604,9937.782793,,9.658663
1073741824,,97665.160287,9939.381917,,9.826080
